,id,prediction
0,twitter_1,NOT_SARCASM
1,twitter_2,SARCASM
2,twitter_3,SARCASM
3,twitter_4,NOT_SARCASM
4,twitter_5,SARCASM
5,twitter_6,SARCASM
6,twitter_7,NOT_SARCASM
7,twitter_8,SARCASM
8,twitter_9,SARCASM
9,twitter_10,SARCASM
10,twitter_11,NOT_SARCASM
11,twitter_12,NOT_SARCASM
12,twitter_13,NOT_SARCASM
13,twitter_14,NOT_SARCASM
14,twitter_15,NOT_SARCASM
15,twitter_16,SARCASM
16,twitter_17,SARCASM
17,twitter_18,SARCASM
18,twitter_19,SARCASM
19,twitter_20,NOT_SARCASM
20,twitter_21,NOT_SARCASM
21,twitter_22,SARCASM
22,twitter_23,NOT_SARCASM
23,twitter_24,SARCASM
24,twitter_25,SARCASM
25,twitter_26,NOT_SARCASM
26,twitter_27,NOT_SARCASM
27,twitter_28,SARCASM
28,twitter_29,SARCASM
29,twitter_30,SARCASM
30,twitter_31,SARCASM
31,twitter_32,NOT_SARCASM
32,twitter_33,SARCASM
33,twitter_34,SARCASM
34,twitter_35,SARCASM
35,twitter_36,NOT_SARCASM
36,twitter_37,SARCASM
37,twitter_38,SARCASM
38,twitter_39,SARCASM
39,twitter_40,NOT_SARCASM
40,twitter_41,NOT_SARCASM
41,twitter_42,NOT_SARCASM
42,twitter_43,SARCASM
43,twitter_44,NOT_SARCASM
44,twitter_45,NOT_SARCASM
45,twitter_46,NOT_SARCASM
46,twitter_47,SARCASM
47,twitter_48,SARCASM
48,twitter_49,NOT_SARCASM
49,twitter_50,NOT_SARCASM
50,twitter_51,NOT_SARCASM
51,twitter_52,NOT_SARCASM
52,twitter_53,SARCASM
53,twitter_54,SARCASM
54,twitter_55,SARCASM
55,twitter_56,SARCASM
56,twitter_57,NOT_SARCASM
57,twitter_58,SARCASM
58,twitter_59,SARCASM
59,twitter_60,NOT_SARCASM
60,twitter_61,NOT_SARCASM
61,twitter_62,SARCASM
62,twitter_63,SARCASM
63,twitter_64,SARCASM
64,twitter_65,SARCASM
65,twitter_66,SARCASM
66,twitter_67,SARCASM
67,twitter_68,NOT_SARCASM
68,twitter_69,SARCASM
69,twitter_70,SARCASM
70,twitter_71,SARCASM
71,twitter_72,SARCASM
72,twitter_73,SARCASM
73,twitter_74,SARCASM
74,twitter_75,NOT_SARCASM
75,twitter_76,SARCASM
76,twitter_77,SARCASM
77,twitter_78,NOT_SARCASM
78,twitter_79,SARCASM
79,twitter_80,SARCASM
80,twitter_81,NOT_SARCASM
81,twitter_82,SARCASM
82,twitter_83,SARCASM
83,twitter_84,NOT_SARCASM
84,twitter_85,SARCASM
85,twitter_86,NOT_SARCASM
86,twitter_87,SARCASM
87,twitter_88,NOT_SARCASM
88,twitter_89,SARCASM
89,twitter_90,SARCASM
90,twitter_91,SARCASM
91,twitter_92,SARCASM
92,twitter_93,SARCASM
93,twitter_94,SARCASM
94,twitter_95,SARCASM
95,twitter_96,NOT_SARCASM
96,twitter_97,SARCASM
97,twitter_98,NOT_SARCASM
98,twitter_99,NOT_SARCASM
99,twitter_100,SARCASM
100,twitter_101,SARCASM
101,twitter_102,SARCASM
102,twitter_103,SARCASM
103,twitter_104,NOT_SARCASM
104,twitter_105,SARCASM
105,twitter_106,SARCASM
106,twitter_107,NOT_SARCASM
107,twitter_108,NOT_SARCASM
108,twitter_109,SARCASM
109,twitter_110,SARCASM
110,twitter_111,NOT_SARCASM
111,twitter_112,NOT_SARCASM
112,twitter_113,SARCASM
113,twitter_114,SARCASM
114,twitter_115,SARCASM
115,twitter_116,NOT_SARCASM
116,twitter_117,SARCASM
117,twitter_118,NOT_SARCASM
118,twitter_119,NOT_SARCASM
119,twitter_120,SARCASM
120,twitter_121,NOT_SARCASM
121,twitter_122,SARCASM
122,twitter_123,NOT_SARCASM
123,twitter_124,NOT_SARCASM
124,twitter_125,SARCASM
125,twitter_126,NOT_SARCASM
126,twitter_127,SARCASM
127,twitter_128,NOT_SARCASM
128,twitter_129,SARCASM
129,twitter_130,SARCASM
130,twitter_131,NOT_SARCASM
131,twitter_132,SARCASM
132,twitter_133,NOT_SARCASM
133,twitter_134,SARCASM
134,twitter_135,NOT_SARCASM
135,twitter_136,NOT_SARCASM
136,twitter_137,SARCASM
137,twitter_138,NOT_SARCASM
138,twitter_139,SARCASM
139,twitter_140,SARCASM
140,twitter_141,SARCASM
141,twitter_142,SARCASM
142,twitter_143,NOT_SARCASM
143,twitter_144,NOT_SARCASM
144,twitter_145,SARCASM
145,twitter_146,SARCASM
146,twitter_147,SARCASM
147,twitter_148,SARCASM
148,twitter_149,SARCASM
149,twitter_150,SARCASM
150,twitter_151,SARCASM
151,twitter_152,SARCASM
152,twitter_153,SARCASM
153,twitter_154,SARCASM
154,twitter_155,SARCASM
155,twitter_156,NOT_SARCASM
156,twitter_157,SARCASM
157,twitter_158,SARCASM
158,twitter_159,NOT_SARCASM
159,twitter_160,SARCASM
160,twitter_161,NOT_SARCASM
161,twitter_162,NOT_SARCASM
162,twitter_163,SARCASM
163,twitter_164,SARCASM
164,twitter_165,SARCASM
165,twitter_166,NOT_SARCASM
166,twitter_167,SARCASM
167,twitter_168,SARCASM
168,twitter_169,SARCASM
169,twitter_170,NOT_SARCASM
170,twitter_171,NOT_SARCASM
171,twitter_172,SARCASM
172,twitter_173,SARCASM
173,twitter_174,NOT_SARCASM
174,twitter_175,NOT_SARCASM
175,twitter_176,SARCASM
176,twitter_177,SARCASM
177,twitter_178,NOT_SARCASM
178,twitter_179,SARCASM
179,twitter_180,NOT_SARCASM
180,twitter_181,SARCASM
181,twitter_182,NOT_SARCASM
182,twitter_183,SARCASM
183,twitter_184,NOT_SARCASM
184,twitter_185,SARCASM
185,twitter_186,SARCASM
186,twitter_187,SARCASM
187,twitter_188,NOT_SARCASM
188,twitter_189,SARCASM
189,twitter_190,NOT_SARCASM
190,twitter_191,SARCASM
191,twitter_192,SARCASM
192,twitter_193,SARCASM
193,twitter_194,NOT_SARCASM
194,twitter_195,NOT_SARCASM
195,twitter_196,SARCASM
196,twitter_197,SARCASM
197,twitter_198,SARCASM
198,twitter_199,NOT_SARCASM
199,twitter_200,SARCASM
200,twitter_201,SARCASM
201,twitter_202,SARCASM
202,twitter_203,NOT_SARCASM
203,twitter_204,NOT_SARCASM
204,twitter_205,SARCASM
205,twitter_206,SARCASM
206,twitter_207,SARCASM
207,twitter_208,SARCASM
208,twitter_209,SARCASM
209,twitter_210,SARCASM
210,twitter_211,SARCASM
211,twitter_212,NOT_SARCASM
212,twitter_213,NOT_SARCASM
213,twitter_214,NOT_SARCASM
214,twitter_215,NOT_SARCASM
215,twitter_216,SARCASM
216,twitter_217,NOT_SARCASM
217,twitter_218,NOT_SARCASM
218,twitter_219,NOT_SARCASM
219,twitter_220,SARCASM
220,twitter_221,NOT_SARCASM
221,twitter_222,SARCASM
222,twitter_223,NOT_SARCASM
223,twitter_224,NOT_SARCASM
224,twitter_225,SARCASM
225,twitter_226,SARCASM
226,twitter_227,SARCASM
227,twitter_228,NOT_SARCASM
228,twitter_229,NOT_SARCASM
229,twitter_230,NOT_SARCASM
230,twitter_231,SARCASM
231,twitter_232,SARCASM
232,twitter_233,SARCASM
233,twitter_234,SARCASM
234,twitter_235,SARCASM
235,twitter_236,SARCASM
236,twitter_237,SARCASM
237,twitter_238,NOT_SARCASM
238,twitter_239,SARCASM
239,twitter_240,NOT_SARCASM
240,twitter_241,SARCASM
241,twitter_242,SARCASM
242,twitter_243,SARCASM
243,twitter_244,NOT_SARCASM
244,twitter_245,SARCASM
245,twitter_246,SARCASM
246,twitter_247,SARCASM
247,twitter_248,SARCASM
248,twitter_249,SARCASM
249,twitter_250,SARCASM
250,twitter_251,SARCASM
251,twitter_252,NOT_SARCASM
252,twitter_253,NOT_SARCASM
253,twitter_254,NOT_SARCASM
254,twitter_255,SARCASM
255,twitter_256,NOT_SARCASM
256,twitter_257,NOT_SARCASM
257,twitter_258,NOT_SARCASM
258,twitter_259,SARCASM
259,twitter_260,NOT_SARCASM
260,twitter_261,SARCASM
261,twitter_262,SARCASM
262,twitter_263,NOT_SARCASM
263,twitter_264,SARCASM
264,twitter_265,SARCASM
265,twitter_266,SARCASM
266,twitter_267,SARCASM
267,twitter_268,NOT_SARCASM
268,twitter_269,NOT_SARCASM
269,twitter_270,NOT_SARCASM
270,twitter_271,NOT_SARCASM
271,twitter_272,SARCASM
272,twitter_273,SARCASM
273,twitter_274,SARCASM
274,twitter_275,SARCASM
275,twitter_276,NOT_SARCASM
276,twitter_277,SARCASM
277,twitter_278,NOT_SARCASM
278,twitter_279,SARCASM
279,twitter_280,SARCASM
280,twitter_281,NOT_SARCASM
281,twitter_282,SARCASM
282,twitter_283,SARCASM
283,twitter_284,SARCASM
284,twitter_285,NOT_SARCASM
285,twitter_286,NOT_SARCASM
286,twitter_287,NOT_SARCASM
287,twitter_288,NOT_SARCASM
288,twitter_289,NOT_SARCASM
289,twitter_290,SARCASM
290,twitter_291,SARCASM
291,twitter_292,SARCASM
292,twitter_293,SARCASM
293,twitter_294,SARCASM
294,twitter_295,NOT_SARCASM
295,twitter_296,SARCASM
296,twitter_297,SARCASM
297,twitter_298,SARCASM
298,twitter_299,NOT_SARCASM
299,twitter_300,SARCASM
300,twitter_301,NOT_SARCASM
301,twitter_302,NOT_SARCASM
302,twitter_303,NOT_SARCASM
303,twitter_304,SARCASM
304,twitter_305,NOT_SARCASM
305,twitter_306,SARCASM
306,twitter_307,NOT_SARCASM
307,twitter_308,SARCASM
308,twitter_309,NOT_SARCASM
309,twitter_310,SARCASM
310,twitter_311,SARCASM
311,twitter_312,SARCASM
312,twitter_313,SARCASM
313,twitter_314,NOT_SARCASM
314,twitter_315,NOT_SARCASM
315,twitter_316,SARCASM
316,twitter_317,NOT_SARCASM
317,twitter_318,NOT_SARCASM
318,twitter_319,SARCASM
319,twitter_320,SARCASM
320,twitter_321,NOT_SARCASM
321,twitter_322,NOT_SARCASM
322,twitter_323,NOT_SARCASM
323,twitter_324,SARCASM
324,twitter_325,NOT_SARCASM
325,twitter_326,SARCASM
326,twitter_327,SARCASM
327,twitter_328,SARCASM
328,twitter_329,SARCASM
329,twitter_330,SARCASM
330,twitter_331,SARCASM
331,twitter_332,SARCASM
332,twitter_333,NOT_SARCASM
333,twitter_334,NOT_SARCASM
334,twitter_335,SARCASM
335,twitter_336,NOT_SARCASM
336,twitter_337,NOT_SARCASM
337,twitter_338,NOT_SARCASM
338,twitter_339,NOT_SARCASM
339,twitter_340,SARCASM
340,twitter_341,SARCASM
341,twitter_342,SARCASM
342,twitter_343,SARCASM
343,twitter_344,SARCASM
344,twitter_345,SARCASM
345,twitter_346,NOT_SARCASM
346,twitter_347,SARCASM
347,twitter_348,SARCASM
348,twitter_349,SARCASM
349,twitter_350,SARCASM
350,twitter_351,SARCASM
351,twitter_352,SARCASM
352,twitter_353,NOT_SARCASM
353,twitter_354,SARCASM
354,twitter_355,SARCASM
355,twitter_356,SARCASM
356,twitter_357,SARCASM
357,twitter_358,NOT_SARCASM
358,twitter_359,NOT_SARCASM
359,twitter_360,NOT_SARCASM
360,twitter_361,NOT_SARCASM
361,twitter_362,SARCASM
362,twitter_363,SARCASM
363,twitter_364,SARCASM
364,twitter_365,NOT_SARCASM
365,twitter_366,SARCASM
366,twitter_367,NOT_SARCASM
367,twitter_368,NOT_SARCASM
368,twitter_369,SARCASM
369,twitter_370,SARCASM
370,twitter_371,SARCASM
371,twitter_372,SARCASM
372,twitter_373,SARCASM
373,twitter_374,NOT_SARCASM
374,twitter_375,SARCASM
375,twitter_376,NOT_SARCASM
376,twitter_377,NOT_SARCASM
377,twitter_378,NOT_SARCASM
378,twitter_379,NOT_SARCASM
379,twitter_380,NOT_SARCASM
380,twitter_381,SARCASM
381,twitter_382,SARCASM
382,twitter_383,SARCASM
383,twitter_384,SARCASM
384,twitter_385,NOT_SARCASM
385,twitter_386,SARCASM
386,twitter_387,SARCASM
387,twitter_388,SARCASM
388,twitter_389,NOT_SARCASM
389,twitter_390,NOT_SARCASM
390,twitter_391,SARCASM
391,twitter_392,SARCASM
392,twitter_393,NOT_SARCASM
393,twitter_394,SARCASM
394,twitter_395,SARCASM
395,twitter_396,SARCASM
396,twitter_397,NOT_SARCASM
397,twitter_398,NOT_SARCASM
398,twitter_399,SARCASM
399,twitter_400,SARCASM
400,twitter_401,NOT_SARCASM
401,twitter_402,SARCASM
402,twitter_403,SARCASM
403,twitter_404,SARCASM
404,twitter_405,NOT_SARCASM
405,twitter_406,SARCASM
406,twitter_407,SARCASM
407,twitter_408,NOT_SARCASM
408,twitter_409,SARCASM
409,twitter_410,SARCASM
410,twitter_411,SARCASM
411,twitter_412,NOT_SARCASM
412,twitter_413,SARCASM
413,twitter_414,SARCASM
414,twitter_415,SARCASM
415,twitter_416,SARCASM
416,twitter_417,SARCASM
417,twitter_418,SARCASM
418,twitter_419,NOT_SARCASM
419,twitter_420,NOT_SARCASM
420,twitter_421,SARCASM
421,twitter_422,NOT_SARCASM
422,twitter_423,SARCASM
423,twitter_424,SARCASM
424,twitter_425,SARCASM
425,twitter_426,NOT_SARCASM
426,twitter_427,SARCASM
427,twitter_428,SARCASM
428,twitter_429,NOT_SARCASM
429,twitter_430,SARCASM
430,twitter_431,SARCASM
431,twitter_432,NOT_SARCASM
432,twitter_433,SARCASM
433,twitter_434,SARCASM
434,twitter_435,NOT_SARCASM
435,twitter_436,SARCASM
436,twitter_437,SARCASM
437,twitter_438,NOT_SARCASM
438,twitter_439,NOT_SARCASM
439,twitter_440,SARCASM
440,twitter_441,SARCASM
441,twitter_442,SARCASM
442,twitter_443,SARCASM
443,twitter_444,SARCASM
444,twitter_445,SARCASM
445,twitter_446,NOT_SARCASM
446,twitter_447,NOT_SARCASM
447,twitter_448,NOT_SARCASM
448,twitter_449,SARCASM
449,twitter_450,SARCASM
450,twitter_451,SARCASM
451,twitter_452,SARCASM
452,twitter_453,SARCASM
453,twitter_454,NOT_SARCASM
454,twitter_455,NOT_SARCASM
455,twitter_456,NOT_SARCASM
456,twitter_457,SARCASM
457,twitter_458,SARCASM
458,twitter_459,SARCASM
459,twitter_460,SARCASM
460,twitter_461,SARCASM
461,twitter_462,NOT_SARCASM
462,twitter_463,SARCASM
463,twitter_464,NOT_SARCASM
464,twitter_465,SARCASM
465,twitter_466,SARCASM
466,twitter_467,NOT_SARCASM
467,twitter_468,NOT_SARCASM
468,twitter_469,NOT_SARCASM
469,twitter_470,SARCASM
470,twitter_471,SARCASM
471,twitter_472,SARCASM
472,twitter_473,NOT_SARCASM
473,twitter_474,SARCASM
474,twitter_475,SARCASM
475,twitter_476,SARCASM
476,twitter_477,SARCASM
477,twitter_478,NOT_SARCASM
478,twitter_479,SARCASM
479,twitter_480,NOT_SARCASM
480,twitter_481,SARCASM
481,twitter_482,SARCASM
482,twitter_483,NOT_SARCASM
483,twitter_484,SARCASM
484,twitter_485,SARCASM
485,twitter_486,NOT_SARCASM
486,twitter_487,SARCASM
487,twitter_488,SARCASM
488,twitter_489,SARCASM
489,twitter_490,SARCASM
490,twitter_491,SARCASM
491,twitter_492,NOT_SARCASM
492,twitter_493,NOT_SARCASM
493,twitter_494,SARCASM
494,twitter_495,SARCASM
495,twitter_496,SARCASM
496,twitter_497,NOT_SARCASM
497,twitter_498,SARCASM
498,twitter_499,SARCASM
499,twitter_500,NOT_SARCASM
500,twitter_501,NOT_SARCASM
501,twitter_502,SARCASM
502,twitter_503,SARCASM
503,twitter_504,SARCASM
504,twitter_505,NOT_SARCASM
505,twitter_506,SARCASM
506,twitter_507,SARCASM
507,twitter_508,NOT_SARCASM
508,twitter_509,NOT_SARCASM
509,twitter_510,SARCASM
510,twitter_511,SARCASM
511,twitter_512,SARCASM
512,twitter_513,SARCASM
513,twitter_514,SARCASM
514,twitter_515,NOT_SARCASM
515,twitter_516,SARCASM
516,twitter_517,SARCASM
517,twitter_518,NOT_SARCASM
518,twitter_519,SARCASM
519,twitter_520,SARCASM
520,twitter_521,SARCASM
521,twitter_522,SARCASM
522,twitter_523,NOT_SARCASM
523,twitter_524,SARCASM
524,twitter_525,NOT_SARCASM
525,twitter_526,NOT_SARCASM
526,twitter_527,SARCASM
527,twitter_528,SARCASM
528,twitter_529,SARCASM
529,twitter_530,SARCASM
530,twitter_531,NOT_SARCASM
531,twitter_532,SARCASM
532,twitter_533,SARCASM
533,twitter_534,SARCASM
534,twitter_535,SARCASM
535,twitter_536,SARCASM
536,twitter_537,NOT_SARCASM
537,twitter_538,NOT_SARCASM
538,twitter_539,SARCASM
539,twitter_540,SARCASM
540,twitter_541,SARCASM
541,twitter_542,SARCASM
542,twitter_543,NOT_SARCASM
543,twitter_544,NOT_SARCASM
544,twitter_545,SARCASM
545,twitter_546,SARCASM
546,twitter_547,SARCASM
547,twitter_548,SARCASM
548,twitter_549,NOT_SARCASM
549,twitter_550,SARCASM
550,twitter_551,NOT_SARCASM
551,twitter_552,NOT_SARCASM
552,twitter_553,NOT_SARCASM
553,twitter_554,SARCASM
554,twitter_555,SARCASM
555,twitter_556,SARCASM
556,twitter_557,NOT_SARCASM
557,twitter_558,SARCASM
558,twitter_559,SARCASM
559,twitter_560,SARCASM
560,twitter_561,NOT_SARCASM
561,twitter_562,SARCASM
562,twitter_563,SARCASM
563,twitter_564,SARCASM
564,twitter_565,SARCASM
565,twitter_566,SARCASM
566,twitter_567,NOT_SARCASM
567,twitter_568,SARCASM
568,twitter_569,NOT_SARCASM
569,twitter_570,NOT_SARCASM
570,twitter_571,SARCASM
571,twitter_572,NOT_SARCASM
572,twitter_573,SARCASM
573,twitter_574,SARCASM
574,twitter_575,SARCASM
575,twitter_576,SARCASM
576,twitter_577,SARCASM
577,twitter_578,SARCASM
578,twitter_579,NOT_SARCASM
579,twitter_580,NOT_SARCASM
580,twitter_581,SARCASM
581,twitter_582,NOT_SARCASM
582,twitter_583,SARCASM
583,twitter_584,NOT_SARCASM
584,twitter_585,SARCASM
585,twitter_586,SARCASM
586,twitter_587,SARCASM
587,twitter_588,SARCASM
588,twitter_589,SARCASM
589,twitter_590,NOT_SARCASM
590,twitter_591,SARCASM
591,twitter_592,SARCASM
592,twitter_593,NOT_SARCASM
593,twitter_594,SARCASM
594,twitter_595,SARCASM
595,twitter_596,NOT_SARCASM
596,twitter_597,NOT_SARCASM
597,twitter_598,SARCASM
598,twitter_599,NOT_SARCASM
599,twitter_600,SARCASM
600,twitter_601,NOT_SARCASM
601,twitter_602,SARCASM
602,twitter_603,NOT_SARCASM
603,twitter_604,NOT_SARCASM
604,twitter_605,NOT_SARCASM
605,twitter_606,NOT_SARCASM
606,twitter_607,SARCASM
607,twitter_608,SARCASM
608,twitter_609,SARCASM
609,twitter_610,SARCASM
610,twitter_611,NOT_SARCASM
611,twitter_612,SARCASM
612,twitter_613,SARCASM
613,twitter_614,SARCASM
614,twitter_615,SARCASM
615,twitter_616,SARCASM
616,twitter_617,SARCASM
617,twitter_618,NOT_SARCASM
618,twitter_619,SARCASM
619,twitter_620,NOT_SARCASM
620,twitter_621,NOT_SARCASM
621,twitter_622,SARCASM
622,twitter_623,NOT_SARCASM
623,twitter_624,SARCASM
624,twitter_625,SARCASM
625,twitter_626,NOT_SARCASM
626,twitter_627,SARCASM
627,twitter_628,NOT_SARCASM
628,twitter_629,NOT_SARCASM
629,twitter_630,SARCASM
630,twitter_631,NOT_SARCASM
631,twitter_632,NOT_SARCASM
632,twitter_633,SARCASM
633,twitter_634,SARCASM
634,twitter_635,SARCASM
635,twitter_636,SARCASM
636,twitter_637,SARCASM
637,twitter_638,NOT_SARCASM
638,twitter_639,SARCASM
639,twitter_640,NOT_SARCASM
640,twitter_641,SARCASM
641,twitter_642,NOT_SARCASM
642,twitter_643,SARCASM
643,twitter_644,SARCASM
644,twitter_645,SARCASM
645,twitter_646,SARCASM
646,twitter_647,NOT_SARCASM
647,twitter_648,NOT_SARCASM
648,twitter_649,SARCASM
649,twitter_650,SARCASM
650,twitter_651,SARCASM
651,twitter_652,SARCASM
652,twitter_653,NOT_SARCASM
653,twitter_654,SARCASM
654,twitter_655,NOT_SARCASM
655,twitter_656,NOT_SARCASM
656,twitter_657,SARCASM
657,twitter_658,NOT_SARCASM
658,twitter_659,NOT_SARCASM
659,twitter_660,SARCASM
660,twitter_661,NOT_SARCASM
661,twitter_662,SARCASM
662,twitter_663,NOT_SARCASM
663,twitter_664,SARCASM
664,twitter_665,NOT_SARCASM
665,twitter_666,SARCASM
666,twitter_667,SARCASM
667,twitter_668,NOT_SARCASM
668,twitter_669,SARCASM
669,twitter_670,NOT_SARCASM
670,twitter_671,SARCASM
671,twitter_672,SARCASM
672,twitter_673,SARCASM
673,twitter_674,SARCASM
674,twitter_675,SARCASM
675,twitter_676,NOT_SARCASM
676,twitter_677,NOT_SARCASM
677,twitter_678,SARCASM
678,twitter_679,SARCASM
679,twitter_680,NOT_SARCASM
680,twitter_681,SARCASM
681,twitter_682,SARCASM
682,twitter_683,NOT_SARCASM
683,twitter_684,NOT_SARCASM
684,twitter_685,SARCASM
685,twitter_686,NOT_SARCASM
686,twitter_687,NOT_SARCASM
687,twitter_688,SARCASM
688,twitter_689,SARCASM
689,twitter_690,SARCASM
690,twitter_691,SARCASM
691,twitter_692,NOT_SARCASM
692,twitter_693,NOT_SARCASM
693,twitter_694,NOT_SARCASM
694,twitter_695,SARCASM
695,twitter_696,SARCASM
696,twitter_697,SARCASM
697,twitter_698,NOT_SARCASM
698,twitter_699,SARCASM
699,twitter_700,NOT_SARCASM
700,twitter_701,SARCASM
701,twitter_702,NOT_SARCASM
702,twitter_703,SARCASM
703,twitter_704,SARCASM
704,twitter_705,SARCASM
705,twitter_706,SARCASM
706,twitter_707,SARCASM
707,twitter_708,NOT_SARCASM
708,twitter_709,SARCASM
709,twitter_710,NOT_SARCASM
710,twitter_711,SARCASM
711,twitter_712,SARCASM
712,twitter_713,NOT_SARCASM
713,twitter_714,SARCASM
714,twitter_715,SARCASM
715,twitter_716,NOT_SARCASM
716,twitter_717,SARCASM
717,twitter_718,SARCASM
718,twitter_719,NOT_SARCASM
719,twitter_720,NOT_SARCASM
720,twitter_721,SARCASM
721,twitter_722,NOT_SARCASM
722,twitter_723,NOT_SARCASM
723,twitter_724,NOT_SARCASM
724,twitter_725,NOT_SARCASM
725,twitter_726,SARCASM
726,twitter_727,NOT_SARCASM
727,twitter_728,NOT_SARCASM
728,twitter_729,SARCASM
729,twitter_730,NOT_SARCASM
730,twitter_731,NOT_SARCASM
731,twitter_732,NOT_SARCASM
732,twitter_733,NOT_SARCASM
733,twitter_734,NOT_SARCASM
734,twitter_735,SARCASM
735,twitter_736,SARCASM
736,twitter_737,SARCASM
737,twitter_738,SARCASM
738,twitter_739,SARCASM
739,twitter_740,SARCASM
740,twitter_741,NOT_SARCASM
741,twitter_742,SARCASM
742,twitter_743,SARCASM
743,twitter_744,SARCASM
744,twitter_745,SARCASM
745,twitter_746,SARCASM
746,twitter_747,SARCASM
747,twitter_748,NOT_SARCASM
748,twitter_749,SARCASM
749,twitter_750,NOT_SARCASM
750,twitter_751,SARCASM
751,twitter_752,NOT_SARCASM
752,twitter_753,NOT_SARCASM
753,twitter_754,SARCASM
754,twitter_755,NOT_SARCASM
755,twitter_756,SARCASM
756,twitter_757,NOT_SARCASM
757,twitter_758,SARCASM
758,twitter_759,SARCASM
759,twitter_760,NOT_SARCASM
760,twitter_761,NOT_SARCASM
761,twitter_762,SARCASM
762,twitter_763,NOT_SARCASM
763,twitter_764,NOT_SARCASM
764,twitter_765,SARCASM
765,twitter_766,NOT_SARCASM
766,twitter_767,SARCASM
767,twitter_768,SARCASM
768,twitter_769,NOT_SARCASM
769,twitter_770,NOT_SARCASM
770,twitter_771,SARCASM
771,twitter_772,NOT_SARCASM
772,twitter_773,SARCASM
773,twitter_774,SARCASM
774,twitter_775,SARCASM
775,twitter_776,SARCASM
776,twitter_777,NOT_SARCASM
777,twitter_778,SARCASM
778,twitter_779,NOT_SARCASM
779,twitter_780,SARCASM
780,twitter_781,NOT_SARCASM
781,twitter_782,NOT_SARCASM
782,twitter_783,SARCASM
783,twitter_784,SARCASM
784,twitter_785,SARCASM
785,twitter_786,NOT_SARCASM
786,twitter_787,NOT_SARCASM
787,twitter_788,NOT_SARCASM
788,twitter_789,SARCASM
789,twitter_790,SARCASM
790,twitter_791,NOT_SARCASM
791,twitter_792,NOT_SARCASM
792,twitter_793,SARCASM
793,twitter_794,NOT_SARCASM
794,twitter_795,NOT_SARCASM
795,twitter_796,SARCASM
796,twitter_797,SARCASM
797,twitter_798,SARCASM
798,twitter_799,SARCASM
799,twitter_800,SARCASM
800,twitter_801,NOT_SARCASM
801,twitter_802,NOT_SARCASM
802,twitter_803,NOT_SARCASM
803,twitter_804,NOT_SARCASM
804,twitter_805,SARCASM
805,twitter_806,SARCASM
806,twitter_807,SARCASM
807,twitter_808,SARCASM
808,twitter_809,SARCASM
809,twitter_810,SARCASM
810,twitter_811,SARCASM
811,twitter_812,NOT_SARCASM
812,twitter_813,SARCASM
813,twitter_814,SARCASM
814,twitter_815,SARCASM
815,twitter_816,SARCASM
816,twitter_817,SARCASM
817,twitter_818,NOT_SARCASM
818,twitter_819,SARCASM
819,twitter_820,NOT_SARCASM
820,twitter_821,SARCASM
821,twitter_822,NOT_SARCASM
822,twitter_823,SARCASM
823,twitter_824,NOT_SARCASM
824,twitter_825,NOT_SARCASM
825,twitter_826,NOT_SARCASM
826,twitter_827,SARCASM
827,twitter_828,NOT_SARCASM
828,twitter_829,NOT_SARCASM
829,twitter_830,SARCASM
830,twitter_831,NOT_SARCASM
831,twitter_832,NOT_SARCASM
832,twitter_833,SARCASM
833,twitter_834,SARCASM
834,twitter_835,SARCASM
835,twitter_836,NOT_SARCASM
836,twitter_837,SARCASM
837,twitter_838,NOT_SARCASM
838,twitter_839,SARCASM
839,twitter_840,SARCASM
840,twitter_841,SARCASM
841,twitter_842,SARCASM
842,twitter_843,NOT_SARCASM
843,twitter_844,SARCASM
844,twitter_845,SARCASM
845,twitter_846,SARCASM
846,twitter_847,SARCASM
847,twitter_848,NOT_SARCASM
848,twitter_849,SARCASM
849,twitter_850,SARCASM
850,twitter_851,SARCASM
851,twitter_852,SARCASM
852,twitter_853,NOT_SARCASM
853,twitter_854,SARCASM
854,twitter_855,NOT_SARCASM
855,twitter_856,NOT_SARCASM
856,twitter_857,SARCASM
857,twitter_858,SARCASM
858,twitter_859,NOT_SARCASM
859,twitter_860,SARCASM
860,twitter_861,SARCASM
861,twitter_862,NOT_SARCASM
862,twitter_863,NOT_SARCASM
863,twitter_864,SARCASM
864,twitter_865,SARCASM
865,twitter_866,SARCASM
866,twitter_867,SARCASM
867,twitter_868,NOT_SARCASM
868,twitter_869,SARCASM
869,twitter_870,NOT_SARCASM
870,twitter_871,SARCASM
871,twitter_872,NOT_SARCASM
872,twitter_873,SARCASM
873,twitter_874,NOT_SARCASM
874,twitter_875,SARCASM
875,twitter_876,NOT_SARCASM
876,twitter_877,SARCASM
877,twitter_878,SARCASM
878,twitter_879,NOT_SARCASM
879,twitter_880,SARCASM
880,twitter_881,NOT_SARCASM
881,twitter_882,SARCASM
882,twitter_883,SARCASM
883,twitter_884,NOT_SARCASM
884,twitter_885,SARCASM
885,twitter_886,SARCASM
886,twitter_887,NOT_SARCASM
887,twitter_888,SARCASM
888,twitter_889,NOT_SARCASM
889,twitter_890,SARCASM
890,twitter_891,SARCASM
891,twitter_892,NOT_SARCASM
892,twitter_893,NOT_SARCASM
893,twitter_894,NOT_SARCASM
894,twitter_895,NOT_SARCASM
895,twitter_896,SARCASM
896,twitter_897,SARCASM
897,twitter_898,SARCASM
898,twitter_899,SARCASM
899,twitter_900,NOT_SARCASM
900,twitter_901,SARCASM
901,twitter_902,SARCASM
902,twitter_903,SARCASM
903,twitter_904,SARCASM
904,twitter_905,NOT_SARCASM
905,twitter_906,NOT_SARCASM
906,twitter_907,SARCASM
907,twitter_908,SARCASM
908,twitter_909,SARCASM
909,twitter_910,NOT_SARCASM
910,twitter_911,NOT_SARCASM
911,twitter_912,SARCASM
912,twitter_913,SARCASM
913,twitter_914,NOT_SARCASM
914,twitter_915,SARCASM
915,twitter_916,NOT_SARCASM
916,twitter_917,SARCASM
917,twitter_918,NOT_SARCASM
918,twitter_919,SARCASM
919,twitter_920,NOT_SARCASM
920,twitter_921,SARCASM
921,twitter_922,SARCASM
922,twitter_923,NOT_SARCASM
923,twitter_924,SARCASM
924,twitter_925,NOT_SARCASM
925,twitter_926,NOT_SARCASM
926,twitter_927,NOT_SARCASM
927,twitter_928,NOT_SARCASM
928,twitter_929,NOT_SARCASM
929,twitter_930,NOT_SARCASM
930,twitter_931,SARCASM
931,twitter_932,SARCASM
932,twitter_933,NOT_SARCASM
933,twitter_934,NOT_SARCASM
934,twitter_935,SARCASM
935,twitter_936,SARCASM
936,twitter_937,SARCASM
937,twitter_938,NOT_SARCASM
938,twitter_939,SARCASM
939,twitter_940,SARCASM
940,twitter_941,NOT_SARCASM
941,twitter_942,NOT_SARCASM
942,twitter_943,NOT_SARCASM
943,twitter_944,SARCASM
944,twitter_945,NOT_SARCASM
945,twitter_946,SARCASM
946,twitter_947,NOT_SARCASM
947,twitter_948,SARCASM
948,twitter_949,SARCASM
949,twitter_950,SARCASM
950,twitter_951,SARCASM
951,twitter_952,SARCASM
952,twitter_953,NOT_SARCASM
953,twitter_954,SARCASM
954,twitter_955,NOT_SARCASM
955,twitter_956,SARCASM
956,twitter_957,SARCASM
957,twitter_958,SARCASM
958,twitter_959,NOT_SARCASM
959,twitter_960,SARCASM
960,twitter_961,SARCASM
961,twitter_962,SARCASM
962,twitter_963,NOT_SARCASM
963,twitter_964,SARCASM
964,twitter_965,NOT_SARCASM
965,twitter_966,SARCASM
966,twitter_967,SARCASM
967,twitter_968,SARCASM
968,twitter_969,SARCASM
969,twitter_970,SARCASM
970,twitter_971,SARCASM
971,twitter_972,NOT_SARCASM
972,twitter_973,SARCASM
973,twitter_974,SARCASM
974,twitter_975,SARCASM
975,twitter_976,NOT_SARCASM
976,twitter_977,SARCASM
977,twitter_978,NOT_SARCASM
978,twitter_979,SARCASM
979,twitter_980,SARCASM
980,twitter_981,SARCASM
981,twitter_982,NOT_SARCASM
982,twitter_983,SARCASM
983,twitter_984,SARCASM
984,twitter_985,SARCASM
985,twitter_986,NOT_SARCASM
986,twitter_987,NOT_SARCASM
987,twitter_988,SARCASM
988,twitter_989,NOT_SARCASM
989,twitter_990,NOT_SARCASM
990,twitter_991,SARCASM
991,twitter_992,NOT_SARCASM
992,twitter_993,SARCASM
993,twitter_994,SARCASM
994,twitter_995,SARCASM
995,twitter_996,SARCASM
996,twitter_997,NOT_SARCASM
997,twitter_998,SARCASM
998,twitter_999,SARCASM
999,twitter_1000,NOT_SARCASM
1000,twitter_1001,NOT_SARCASM
1001,twitter_1002,SARCASM
1002,twitter_1003,SARCASM
1003,twitter_1004,SARCASM
1004,twitter_1005,SARCASM
1005,twitter_1006,SARCASM
1006,twitter_1007,SARCASM
1007,twitter_1008,NOT_SARCASM
1008,twitter_1009,SARCASM
1009,twitter_1010,SARCASM
1010,twitter_1011,SARCASM
1011,twitter_1012,SARCASM
1012,twitter_1013,SARCASM
1013,twitter_1014,SARCASM
1014,twitter_1015,SARCASM
1015,twitter_1016,SARCASM
1016,twitter_1017,NOT_SARCASM
1017,twitter_1018,SARCASM
1018,twitter_1019,NOT_SARCASM
1019,twitter_1020,NOT_SARCASM
1020,twitter_1021,NOT_SARCASM
1021,twitter_1022,NOT_SARCASM
1022,twitter_1023,NOT_SARCASM
1023,twitter_1024,SARCASM
1024,twitter_1025,NOT_SARCASM
1025,twitter_1026,SARCASM
1026,twitter_1027,SARCASM
1027,twitter_1028,SARCASM
1028,twitter_1029,NOT_SARCASM
1029,twitter_1030,SARCASM
1030,twitter_1031,NOT_SARCASM
1031,twitter_1032,NOT_SARCASM
1032,twitter_1033,SARCASM
1033,twitter_1034,NOT_SARCASM
1034,twitter_1035,NOT_SARCASM
1035,twitter_1036,SARCASM
1036,twitter_1037,NOT_SARCASM
1037,twitter_1038,NOT_SARCASM
1038,twitter_1039,SARCASM
1039,twitter_1040,SARCASM
1040,twitter_1041,SARCASM
1041,twitter_1042,SARCASM
1042,twitter_1043,SARCASM
1043,twitter_1044,NOT_SARCASM
1044,twitter_1045,SARCASM
1045,twitter_1046,SARCASM
1046,twitter_1047,NOT_SARCASM
1047,twitter_1048,SARCASM
1048,twitter_1049,NOT_SARCASM
1049,twitter_1050,NOT_SARCASM
1050,twitter_1051,NOT_SARCASM
1051,twitter_1052,NOT_SARCASM
1052,twitter_1053,SARCASM
1053,twitter_1054,SARCASM
1054,twitter_1055,NOT_SARCASM
1055,twitter_1056,NOT_SARCASM
1056,twitter_1057,SARCASM
1057,twitter_1058,SARCASM
1058,twitter_1059,SARCASM
1059,twitter_1060,NOT_SARCASM
1060,twitter_1061,NOT_SARCASM
1061,twitter_1062,NOT_SARCASM
1062,twitter_1063,NOT_SARCASM
1063,twitter_1064,SARCASM
1064,twitter_1065,SARCASM
1065,twitter_1066,NOT_SARCASM
1066,twitter_1067,SARCASM
1067,twitter_1068,NOT_SARCASM
1068,twitter_1069,NOT_SARCASM
1069,twitter_1070,SARCASM
1070,twitter_1071,NOT_SARCASM
1071,twitter_1072,SARCASM
1072,twitter_1073,SARCASM
1073,twitter_1074,SARCASM
1074,twitter_1075,SARCASM
1075,twitter_1076,SARCASM
1076,twitter_1077,SARCASM
1077,twitter_1078,NOT_SARCASM
1078,twitter_1079,SARCASM
1079,twitter_1080,SARCASM
1080,twitter_1081,SARCASM
1081,twitter_1082,SARCASM
1082,twitter_1083,SARCASM
1083,twitter_1084,SARCASM
1084,twitter_1085,SARCASM
1085,twitter_1086,SARCASM
1086,twitter_1087,NOT_SARCASM
1087,twitter_1088,SARCASM
1088,twitter_1089,NOT_SARCASM
1089,twitter_1090,SARCASM
1090,twitter_1091,SARCASM
1091,twitter_1092,NOT_SARCASM
1092,twitter_1093,SARCASM
1093,twitter_1094,NOT_SARCASM
1094,twitter_1095,SARCASM
1095,twitter_1096,SARCASM
1096,twitter_1097,NOT_SARCASM
1097,twitter_1098,NOT_SARCASM
1098,twitter_1099,NOT_SARCASM
1099,twitter_1100,SARCASM
1100,twitter_1101,SARCASM
1101,twitter_1102,NOT_SARCASM
1102,twitter_1103,SARCASM
1103,twitter_1104,SARCASM
1104,twitter_1105,NOT_SARCASM
1105,twitter_1106,NOT_SARCASM
1106,twitter_1107,NOT_SARCASM
1107,twitter_1108,SARCASM
1108,twitter_1109,SARCASM
1109,twitter_1110,NOT_SARCASM
1110,twitter_1111,SARCASM
1111,twitter_1112,NOT_SARCASM
1112,twitter_1113,SARCASM
1113,twitter_1114,SARCASM
1114,twitter_1115,SARCASM
1115,twitter_1116,SARCASM
1116,twitter_1117,NOT_SARCASM
1117,twitter_1118,NOT_SARCASM
1118,twitter_1119,NOT_SARCASM
1119,twitter_1120,SARCASM
1120,twitter_1121,SARCASM
1121,twitter_1122,NOT_SARCASM
1122,twitter_1123,SARCASM
1123,twitter_1124,SARCASM
1124,twitter_1125,SARCASM
1125,twitter_1126,NOT_SARCASM
1126,twitter_1127,SARCASM
1127,twitter_1128,NOT_SARCASM
1128,twitter_1129,SARCASM
1129,twitter_1130,SARCASM
1130,twitter_1131,SARCASM
1131,twitter_1132,NOT_SARCASM
1132,twitter_1133,SARCASM
1133,twitter_1134,NOT_SARCASM
1134,twitter_1135,NOT_SARCASM
1135,twitter_1136,SARCASM
1136,twitter_1137,SARCASM
1137,twitter_1138,SARCASM
1138,twitter_1139,SARCASM
1139,twitter_1140,NOT_SARCASM
1140,twitter_1141,SARCASM
1141,twitter_1142,SARCASM
1142,twitter_1143,SARCASM
1143,twitter_1144,SARCASM
1144,twitter_1145,SARCASM
1145,twitter_1146,NOT_SARCASM
1146,twitter_1147,SARCASM
1147,twitter_1148,NOT_SARCASM
1148,twitter_1149,NOT_SARCASM
1149,twitter_1150,NOT_SARCASM
1150,twitter_1151,NOT_SARCASM
1151,twitter_1152,NOT_SARCASM
1152,twitter_1153,NOT_SARCASM
1153,twitter_1154,SARCASM
1154,twitter_1155,SARCASM
1155,twitter_1156,SARCASM
1156,twitter_1157,NOT_SARCASM
1157,twitter_1158,SARCASM
1158,twitter_1159,SARCASM
1159,twitter_1160,NOT_SARCASM
1160,twitter_1161,NOT_SARCASM
1161,twitter_1162,SARCASM
1162,twitter_1163,NOT_SARCASM
1163,twitter_1164,SARCASM
1164,twitter_1165,SARCASM
1165,twitter_1166,SARCASM
1166,twitter_1167,SARCASM
1167,twitter_1168,NOT_SARCASM
1168,twitter_1169,NOT_SARCASM
1169,twitter_1170,SARCASM
1170,twitter_1171,NOT_SARCASM
1171,twitter_1172,SARCASM
1172,twitter_1173,NOT_SARCASM
1173,twitter_1174,SARCASM
1174,twitter_1175,SARCASM
1175,twitter_1176,NOT_SARCASM
1176,twitter_1177,NOT_SARCASM
1177,twitter_1178,SARCASM
1178,twitter_1179,SARCASM
1179,twitter_1180,SARCASM
1180,twitter_1181,NOT_SARCASM
1181,twitter_1182,SARCASM
1182,twitter_1183,SARCASM
1183,twitter_1184,NOT_SARCASM
1184,twitter_1185,NOT_SARCASM
1185,twitter_1186,NOT_SARCASM
1186,twitter_1187,SARCASM
1187,twitter_1188,SARCASM
1188,twitter_1189,SARCASM
1189,twitter_1190,NOT_SARCASM
1190,twitter_1191,SARCASM
1191,twitter_1192,SARCASM
1192,twitter_1193,SARCASM
1193,twitter_1194,NOT_SARCASM
1194,twitter_1195,NOT_SARCASM
1195,twitter_1196,NOT_SARCASM
1196,twitter_1197,NOT_SARCASM
1197,twitter_1198,SARCASM
1198,twitter_1199,SARCASM
1199,twitter_1200,SARCASM
1200,twitter_1201,SARCASM
1201,twitter_1202,SARCASM
1202,twitter_1203,SARCASM
1203,twitter_1204,SARCASM
1204,twitter_1205,NOT_SARCASM
1205,twitter_1206,NOT_SARCASM
1206,twitter_1207,SARCASM
1207,twitter_1208,NOT_SARCASM
1208,twitter_1209,NOT_SARCASM
1209,twitter_1210,SARCASM
1210,twitter_1211,SARCASM
1211,twitter_1212,SARCASM
1212,twitter_1213,SARCASM
1213,twitter_1214,SARCASM
1214,twitter_1215,SARCASM
1215,twitter_1216,NOT_SARCASM
1216,twitter_1217,SARCASM
1217,twitter_1218,NOT_SARCASM
1218,twitter_1219,SARCASM
1219,twitter_1220,SARCASM
1220,twitter_1221,SARCASM
1221,twitter_1222,SARCASM
1222,twitter_1223,NOT_SARCASM
1223,twitter_1224,NOT_SARCASM
1224,twitter_1225,SARCASM
1225,twitter_1226,SARCASM
1226,twitter_1227,SARCASM
1227,twitter_1228,NOT_SARCASM
1228,twitter_1229,SARCASM
1229,twitter_1230,SARCASM
1230,twitter_1231,SARCASM
1231,twitter_1232,SARCASM
1232,twitter_1233,SARCASM
1233,twitter_1234,SARCASM
1234,twitter_1235,SARCASM
1235,twitter_1236,SARCASM
1236,twitter_1237,SARCASM
1237,twitter_1238,NOT_SARCASM
1238,twitter_1239,SARCASM
1239,twitter_1240,SARCASM
1240,twitter_1241,SARCASM
1241,twitter_1242,SARCASM
1242,twitter_1243,SARCASM
1243,twitter_1244,NOT_SARCASM
1244,twitter_1245,SARCASM
1245,twitter_1246,SARCASM
1246,twitter_1247,NOT_SARCASM
1247,twitter_1248,NOT_SARCASM
1248,twitter_1249,SARCASM
1249,twitter_1250,NOT_SARCASM
1250,twitter_1251,SARCASM
1251,twitter_1252,SARCASM
1252,twitter_1253,NOT_SARCASM
1253,twitter_1254,SARCASM
1254,twitter_1255,SARCASM
1255,twitter_1256,SARCASM
1256,twitter_1257,SARCASM
1257,twitter_1258,SARCASM
1258,twitter_1259,SARCASM
1259,twitter_1260,SARCASM
1260,twitter_1261,SARCASM
1261,twitter_1262,SARCASM
1262,twitter_1263,SARCASM
1263,twitter_1264,SARCASM
1264,twitter_1265,NOT_SARCASM
1265,twitter_1266,SARCASM
1266,twitter_1267,SARCASM
1267,twitter_1268,SARCASM
1268,twitter_1269,NOT_SARCASM
1269,twitter_1270,NOT_SARCASM
1270,twitter_1271,SARCASM
1271,twitter_1272,SARCASM
1272,twitter_1273,NOT_SARCASM
1273,twitter_1274,SARCASM
1274,twitter_1275,SARCASM
1275,twitter_1276,SARCASM
1276,twitter_1277,NOT_SARCASM
1277,twitter_1278,NOT_SARCASM
1278,twitter_1279,NOT_SARCASM
1279,twitter_1280,NOT_SARCASM
1280,twitter_1281,NOT_SARCASM
1281,twitter_1282,SARCASM
1282,twitter_1283,SARCASM
1283,twitter_1284,NOT_SARCASM
1284,twitter_1285,NOT_SARCASM
1285,twitter_1286,SARCASM
1286,twitter_1287,NOT_SARCASM
1287,twitter_1288,SARCASM
1288,twitter_1289,SARCASM
1289,twitter_1290,NOT_SARCASM
1290,twitter_1291,SARCASM
1291,twitter_1292,SARCASM
1292,twitter_1293,SARCASM
1293,twitter_1294,SARCASM
1294,twitter_1295,SARCASM
1295,twitter_1296,SARCASM
1296,twitter_1297,SARCASM
1297,twitter_1298,NOT_SARCASM
1298,twitter_1299,NOT_SARCASM
1299,twitter_1300,SARCASM
1300,twitter_1301,SARCASM
1301,twitter_1302,SARCASM
1302,twitter_1303,NOT_SARCASM
1303,twitter_1304,NOT_SARCASM
1304,twitter_1305,SARCASM
1305,twitter_1306,SARCASM
1306,twitter_1307,NOT_SARCASM
1307,twitter_1308,SARCASM
1308,twitter_1309,NOT_SARCASM
1309,twitter_1310,SARCASM
1310,twitter_1311,SARCASM
1311,twitter_1312,SARCASM
1312,twitter_1313,NOT_SARCASM
1313,twitter_1314,SARCASM
1314,twitter_1315,SARCASM
1315,twitter_1316,SARCASM
1316,twitter_1317,SARCASM
1317,twitter_1318,SARCASM
1318,twitter_1319,SARCASM
1319,twitter_1320,NOT_SARCASM
1320,twitter_1321,SARCASM
1321,twitter_1322,NOT_SARCASM
1322,twitter_1323,SARCASM
1323,twitter_1324,SARCASM
1324,twitter_1325,SARCASM
1325,twitter_1326,NOT_SARCASM
1326,twitter_1327,NOT_SARCASM
1327,twitter_1328,NOT_SARCASM
1328,twitter_1329,SARCASM
1329,twitter_1330,SARCASM
1330,twitter_1331,SARCASM
1331,twitter_1332,SARCASM
1332,twitter_1333,NOT_SARCASM
1333,twitter_1334,SARCASM
1334,twitter_1335,NOT_SARCASM
1335,twitter_1336,SARCASM
1336,twitter_1337,NOT_SARCASM
1337,twitter_1338,NOT_SARCASM
1338,twitter_1339,SARCASM
1339,twitter_1340,SARCASM
1340,twitter_1341,SARCASM
1341,twitter_1342,SARCASM
1342,twitter_1343,SARCASM
1343,twitter_1344,SARCASM
1344,twitter_1345,NOT_SARCASM
1345,twitter_1346,SARCASM
1346,twitter_1347,SARCASM
1347,twitter_1348,SARCASM
1348,twitter_1349,NOT_SARCASM
1349,twitter_1350,SARCASM
1350,twitter_1351,SARCASM
1351,twitter_1352,NOT_SARCASM
1352,twitter_1353,SARCASM
1353,twitter_1354,NOT_SARCASM
1354,twitter_1355,SARCASM
1355,twitter_1356,SARCASM
1356,twitter_1357,SARCASM
1357,twitter_1358,NOT_SARCASM
1358,twitter_1359,SARCASM
1359,twitter_1360,NOT_SARCASM
1360,twitter_1361,NOT_SARCASM
1361,twitter_1362,SARCASM
1362,twitter_1363,SARCASM
1363,twitter_1364,NOT_SARCASM
1364,twitter_1365,NOT_SARCASM
1365,twitter_1366,SARCASM
1366,twitter_1367,SARCASM
1367,twitter_1368,SARCASM
1368,twitter_1369,NOT_SARCASM
1369,twitter_1370,SARCASM
1370,twitter_1371,NOT_SARCASM
1371,twitter_1372,NOT_SARCASM
1372,twitter_1373,NOT_SARCASM
1373,twitter_1374,SARCASM
1374,twitter_1375,SARCASM
1375,twitter_1376,SARCASM
1376,twitter_1377,SARCASM
1377,twitter_1378,NOT_SARCASM
1378,twitter_1379,SARCASM
1379,twitter_1380,SARCASM
1380,twitter_1381,SARCASM
1381,twitter_1382,SARCASM
1382,twitter_1383,SARCASM
1383,twitter_1384,NOT_SARCASM
1384,twitter_1385,NOT_SARCASM
1385,twitter_1386,NOT_SARCASM
1386,twitter_1387,NOT_SARCASM
1387,twitter_1388,SARCASM
1388,twitter_1389,SARCASM
1389,twitter_1390,SARCASM
1390,twitter_1391,SARCASM
1391,twitter_1392,SARCASM
1392,twitter_1393,SARCASM
1393,twitter_1394,NOT_SARCASM
1394,twitter_1395,NOT_SARCASM
1395,twitter_1396,NOT_SARCASM
1396,twitter_1397,SARCASM
1397,twitter_1398,SARCASM
1398,twitter_1399,SARCASM
1399,twitter_1400,NOT_SARCASM
1400,twitter_1401,SARCASM
1401,twitter_1402,NOT_SARCASM
1402,twitter_1403,NOT_SARCASM
1403,twitter_1404,SARCASM
1404,twitter_1405,NOT_SARCASM
1405,twitter_1406,NOT_SARCASM
1406,twitter_1407,SARCASM
1407,twitter_1408,SARCASM
1408,twitter_1409,SARCASM
1409,twitter_1410,SARCASM
1410,twitter_1411,SARCASM
1411,twitter_1412,SARCASM
1412,twitter_1413,NOT_SARCASM
1413,twitter_1414,SARCASM
1414,twitter_1415,SARCASM
1415,twitter_1416,SARCASM
1416,twitter_1417,NOT_SARCASM
1417,twitter_1418,SARCASM
1418,twitter_1419,NOT_SARCASM
1419,twitter_1420,NOT_SARCASM
1420,twitter_1421,NOT_SARCASM
1421,twitter_1422,SARCASM
1422,twitter_1423,SARCASM
1423,twitter_1424,SARCASM
1424,twitter_1425,SARCASM
1425,twitter_1426,SARCASM
1426,twitter_1427,SARCASM
1427,twitter_1428,NOT_SARCASM
1428,twitter_1429,SARCASM
1429,twitter_1430,SARCASM
1430,twitter_1431,NOT_SARCASM
1431,twitter_1432,NOT_SARCASM
1432,twitter_1433,NOT_SARCASM
1433,twitter_1434,NOT_SARCASM
1434,twitter_1435,NOT_SARCASM
1435,twitter_1436,SARCASM
1436,twitter_1437,SARCASM
1437,twitter_1438,SARCASM
1438,twitter_1439,SARCASM
1439,twitter_1440,NOT_SARCASM
1440,twitter_1441,SARCASM
1441,twitter_1442,SARCASM
1442,twitter_1443,NOT_SARCASM
1443,twitter_1444,NOT_SARCASM
1444,twitter_1445,SARCASM
1445,twitter_1446,NOT_SARCASM
1446,twitter_1447,SARCASM
1447,twitter_1448,NOT_SARCASM
1448,twitter_1449,SARCASM
1449,twitter_1450,SARCASM
1450,twitter_1451,SARCASM
1451,twitter_1452,SARCASM
1452,twitter_1453,SARCASM
1453,twitter_1454,SARCASM
1454,twitter_1455,SARCASM
1455,twitter_1456,SARCASM
1456,twitter_1457,SARCASM
1457,twitter_1458,SARCASM
1458,twitter_1459,NOT_SARCASM
1459,twitter_1460,NOT_SARCASM
1460,twitter_1461,NOT_SARCASM
1461,twitter_1462,NOT_SARCASM
1462,twitter_1463,SARCASM
1463,twitter_1464,NOT_SARCASM
1464,twitter_1465,SARCASM
1465,twitter_1466,SARCASM
1466,twitter_1467,NOT_SARCASM
1467,twitter_1468,SARCASM
1468,twitter_1469,SARCASM
1469,twitter_1470,NOT_SARCASM
1470,twitter_1471,SARCASM
1471,twitter_1472,SARCASM
1472,twitter_1473,SARCASM
1473,twitter_1474,NOT_SARCASM
1474,twitter_1475,NOT_SARCASM
1475,twitter_1476,SARCASM
1476,twitter_1477,SARCASM
1477,twitter_1478,SARCASM
1478,twitter_1479,SARCASM
1479,twitter_1480,NOT_SARCASM
1480,twitter_1481,SARCASM
1481,twitter_1482,NOT_SARCASM
1482,twitter_1483,NOT_SARCASM
1483,twitter_1484,SARCASM
1484,twitter_1485,SARCASM
1485,twitter_1486,SARCASM
1486,twitter_1487,SARCASM
1487,twitter_1488,SARCASM
1488,twitter_1489,SARCASM
1489,twitter_1490,SARCASM
1490,twitter_1491,NOT_SARCASM
1491,twitter_1492,SARCASM
1492,twitter_1493,NOT_SARCASM
1493,twitter_1494,SARCASM
1494,twitter_1495,NOT_SARCASM
1495,twitter_1496,SARCASM
1496,twitter_1497,NOT_SARCASM
1497,twitter_1498,NOT_SARCASM
1498,twitter_1499,NOT_SARCASM
1499,twitter_1500,NOT_SARCASM
1500,twitter_1501,NOT_SARCASM
1501,twitter_1502,NOT_SARCASM
1502,twitter_1503,NOT_SARCASM
1503,twitter_1504,SARCASM
1504,twitter_1505,SARCASM
1505,twitter_1506,SARCASM
1506,twitter_1507,NOT_SARCASM
1507,twitter_1508,SARCASM
1508,twitter_1509,SARCASM
1509,twitter_1510,SARCASM
1510,twitter_1511,SARCASM
1511,twitter_1512,NOT_SARCASM
1512,twitter_1513,SARCASM
1513,twitter_1514,SARCASM
1514,twitter_1515,SARCASM
1515,twitter_1516,NOT_SARCASM
1516,twitter_1517,NOT_SARCASM
1517,twitter_1518,NOT_SARCASM
1518,twitter_1519,NOT_SARCASM
1519,twitter_1520,SARCASM
1520,twitter_1521,SARCASM
1521,twitter_1522,SARCASM
1522,twitter_1523,SARCASM
1523,twitter_1524,NOT_SARCASM
1524,twitter_1525,SARCASM
1525,twitter_1526,NOT_SARCASM
1526,twitter_1527,SARCASM
1527,twitter_1528,SARCASM
1528,twitter_1529,NOT_SARCASM
1529,twitter_1530,NOT_SARCASM
1530,twitter_1531,NOT_SARCASM
1531,twitter_1532,SARCASM
1532,twitter_1533,SARCASM
1533,twitter_1534,NOT_SARCASM
1534,twitter_1535,SARCASM
1535,twitter_1536,SARCASM
1536,twitter_1537,SARCASM
1537,twitter_1538,SARCASM
1538,twitter_1539,SARCASM
1539,twitter_1540,SARCASM
1540,twitter_1541,SARCASM
1541,twitter_1542,SARCASM
1542,twitter_1543,NOT_SARCASM
1543,twitter_1544,SARCASM
1544,twitter_1545,NOT_SARCASM
1545,twitter_1546,SARCASM
1546,twitter_1547,NOT_SARCASM
1547,twitter_1548,SARCASM
1548,twitter_1549,SARCASM
1549,twitter_1550,NOT_SARCASM
1550,twitter_1551,SARCASM
1551,twitter_1552,SARCASM
1552,twitter_1553,SARCASM
1553,twitter_1554,SARCASM
1554,twitter_1555,NOT_SARCASM
1555,twitter_1556,SARCASM
1556,twitter_1557,SARCASM
1557,twitter_1558,NOT_SARCASM
1558,twitter_1559,SARCASM
1559,twitter_1560,SARCASM
1560,twitter_1561,NOT_SARCASM
1561,twitter_1562,NOT_SARCASM
1562,twitter_1563,NOT_SARCASM
1563,twitter_1564,SARCASM
1564,twitter_1565,SARCASM
1565,twitter_1566,NOT_SARCASM
1566,twitter_1567,SARCASM
1567,twitter_1568,NOT_SARCASM
1568,twitter_1569,NOT_SARCASM
1569,twitter_1570,SARCASM
1570,twitter_1571,SARCASM
1571,twitter_1572,SARCASM
1572,twitter_1573,NOT_SARCASM
1573,twitter_1574,SARCASM
1574,twitter_1575,SARCASM
1575,twitter_1576,SARCASM
1576,twitter_1577,SARCASM
1577,twitter_1578,SARCASM
1578,twitter_1579,SARCASM
1579,twitter_1580,SARCASM
1580,twitter_1581,SARCASM
1581,twitter_1582,SARCASM
1582,twitter_1583,SARCASM
1583,twitter_1584,NOT_SARCASM
1584,twitter_1585,NOT_SARCASM
1585,twitter_1586,SARCASM
1586,twitter_1587,NOT_SARCASM
1587,twitter_1588,SARCASM
1588,twitter_1589,NOT_SARCASM
1589,twitter_1590,NOT_SARCASM
1590,twitter_1591,NOT_SARCASM
1591,twitter_1592,SARCASM
1592,twitter_1593,SARCASM
1593,twitter_1594,SARCASM
1594,twitter_1595,NOT_SARCASM
1595,twitter_1596,NOT_SARCASM
1596,twitter_1597,SARCASM
1597,twitter_1598,NOT_SARCASM
1598,twitter_1599,SARCASM
1599,twitter_1600,SARCASM
1600,twitter_1601,SARCASM
1601,twitter_1602,NOT_SARCASM
1602,twitter_1603,NOT_SARCASM
1603,twitter_1604,NOT_SARCASM
1604,twitter_1605,SARCASM
1605,twitter_1606,SARCASM
1606,twitter_1607,SARCASM
1607,twitter_1608,SARCASM
1608,twitter_1609,SARCASM
1609,twitter_1610,SARCASM
1610,twitter_1611,SARCASM
1611,twitter_1612,NOT_SARCASM
1612,twitter_1613,NOT_SARCASM
1613,twitter_1614,NOT_SARCASM
1614,twitter_1615,SARCASM
1615,twitter_1616,NOT_SARCASM
1616,twitter_1617,NOT_SARCASM
1617,twitter_1618,SARCASM
1618,twitter_1619,NOT_SARCASM
1619,twitter_1620,SARCASM
1620,twitter_1621,SARCASM
1621,twitter_1622,SARCASM
1622,twitter_1623,SARCASM
1623,twitter_1624,SARCASM
1624,twitter_1625,SARCASM
1625,twitter_1626,SARCASM
1626,twitter_1627,SARCASM
1627,twitter_1628,NOT_SARCASM
1628,twitter_1629,SARCASM
1629,twitter_1630,SARCASM
1630,twitter_1631,NOT_SARCASM
1631,twitter_1632,NOT_SARCASM
1632,twitter_1633,NOT_SARCASM
1633,twitter_1634,SARCASM
1634,twitter_1635,NOT_SARCASM
1635,twitter_1636,SARCASM
1636,twitter_1637,NOT_SARCASM
1637,twitter_1638,NOT_SARCASM
1638,twitter_1639,SARCASM
1639,twitter_1640,SARCASM
1640,twitter_1641,NOT_SARCASM
1641,twitter_1642,NOT_SARCASM
1642,twitter_1643,SARCASM
1643,twitter_1644,SARCASM
1644,twitter_1645,SARCASM
1645,twitter_1646,SARCASM
1646,twitter_1647,SARCASM
1647,twitter_1648,SARCASM
1648,twitter_1649,SARCASM
1649,twitter_1650,NOT_SARCASM
1650,twitter_1651,NOT_SARCASM
1651,twitter_1652,NOT_SARCASM
1652,twitter_1653,SARCASM
1653,twitter_1654,NOT_SARCASM
1654,twitter_1655,NOT_SARCASM
1655,twitter_1656,SARCASM
1656,twitter_1657,SARCASM
1657,twitter_1658,NOT_SARCASM
1658,twitter_1659,NOT_SARCASM
1659,twitter_1660,SARCASM
1660,twitter_1661,NOT_SARCASM
1661,twitter_1662,SARCASM
1662,twitter_1663,NOT_SARCASM
1663,twitter_1664,SARCASM
1664,twitter_1665,SARCASM
1665,twitter_1666,SARCASM
1666,twitter_1667,SARCASM
1667,twitter_1668,SARCASM
1668,twitter_1669,NOT_SARCASM
1669,twitter_1670,SARCASM
1670,twitter_1671,NOT_SARCASM
1671,twitter_1672,SARCASM
1672,twitter_1673,SARCASM
1673,twitter_1674,SARCASM
1674,twitter_1675,SARCASM
1675,twitter_1676,SARCASM
1676,twitter_1677,SARCASM
1677,twitter_1678,NOT_SARCASM
1678,twitter_1679,SARCASM
1679,twitter_1680,SARCASM
1680,twitter_1681,SARCASM
1681,twitter_1682,NOT_SARCASM
1682,twitter_1683,SARCASM
1683,twitter_1684,SARCASM
1684,twitter_1685,NOT_SARCASM
1685,twitter_1686,SARCASM
1686,twitter_1687,SARCASM
1687,twitter_1688,NOT_SARCASM
1688,twitter_1689,NOT_SARCASM
1689,twitter_1690,NOT_SARCASM
1690,twitter_1691,SARCASM
1691,twitter_1692,SARCASM
1692,twitter_1693,NOT_SARCASM
1693,twitter_1694,SARCASM
1694,twitter_1695,NOT_SARCASM
1695,twitter_1696,NOT_SARCASM
1696,twitter_1697,SARCASM
1697,twitter_1698,SARCASM
1698,twitter_1699,SARCASM
1699,twitter_1700,NOT_SARCASM
1700,twitter_1701,NOT_SARCASM
1701,twitter_1702,SARCASM
1702,twitter_1703,SARCASM
1703,twitter_1704,NOT_SARCASM
1704,twitter_1705,SARCASM
1705,twitter_1706,SARCASM
1706,twitter_1707,SARCASM
1707,twitter_1708,NOT_SARCASM
1708,twitter_1709,NOT_SARCASM
1709,twitter_1710,SARCASM
1710,twitter_1711,SARCASM
1711,twitter_1712,SARCASM
1712,twitter_1713,SARCASM
1713,twitter_1714,SARCASM
1714,twitter_1715,NOT_SARCASM
1715,twitter_1716,SARCASM
1716,twitter_1717,SARCASM
1717,twitter_1718,SARCASM
1718,twitter_1719,SARCASM
1719,twitter_1720,SARCASM
1720,twitter_1721,SARCASM
1721,twitter_1722,NOT_SARCASM
1722,twitter_1723,SARCASM
1723,twitter_1724,NOT_SARCASM
1724,twitter_1725,NOT_SARCASM
1725,twitter_1726,SARCASM
1726,twitter_1727,NOT_SARCASM
1727,twitter_1728,SARCASM
1728,twitter_1729,NOT_SARCASM
1729,twitter_1730,SARCASM
1730,twitter_1731,SARCASM
1731,twitter_1732,SARCASM
1732,twitter_1733,SARCASM
1733,twitter_1734,SARCASM
1734,twitter_1735,SARCASM
1735,twitter_1736,SARCASM
1736,twitter_1737,SARCASM
1737,twitter_1738,SARCASM
1738,twitter_1739,NOT_SARCASM
1739,twitter_1740,SARCASM
1740,twitter_1741,SARCASM
1741,twitter_1742,NOT_SARCASM
1742,twitter_1743,NOT_SARCASM
1743,twitter_1744,SARCASM
1744,twitter_1745,SARCASM
1745,twitter_1746,SARCASM
1746,twitter_1747,NOT_SARCASM
1747,twitter_1748,SARCASM
1748,twitter_1749,NOT_SARCASM
1749,twitter_1750,SARCASM
1750,twitter_1751,SARCASM
1751,twitter_1752,SARCASM
1752,twitter_1753,NOT_SARCASM
1753,twitter_1754,SARCASM
1754,twitter_1755,SARCASM
1755,twitter_1756,SARCASM
1756,twitter_1757,SARCASM
1757,twitter_1758,SARCASM
1758,twitter_1759,SARCASM
1759,twitter_1760,NOT_SARCASM
1760,twitter_1761,SARCASM
1761,twitter_1762,SARCASM
1762,twitter_1763,NOT_SARCASM
1763,twitter_1764,NOT_SARCASM
1764,twitter_1765,NOT_SARCASM
1765,twitter_1766,SARCASM
1766,twitter_1767,NOT_SARCASM
1767,twitter_1768,NOT_SARCASM
1768,twitter_1769,SARCASM
1769,twitter_1770,NOT_SARCASM
1770,twitter_1771,SARCASM
1771,twitter_1772,NOT_SARCASM
1772,twitter_1773,SARCASM
1773,twitter_1774,NOT_SARCASM
1774,twitter_1775,SARCASM
1775,twitter_1776,SARCASM
1776,twitter_1777,SARCASM
1777,twitter_1778,SARCASM
1778,twitter_1779,SARCASM
1779,twitter_1780,SARCASM
1780,twitter_1781,NOT_SARCASM
1781,twitter_1782,NOT_SARCASM
1782,twitter_1783,SARCASM
1783,twitter_1784,SARCASM
1784,twitter_1785,SARCASM
1785,twitter_1786,SARCASM
1786,twitter_1787,NOT_SARCASM
1787,twitter_1788,SARCASM
1788,twitter_1789,NOT_SARCASM
1789,twitter_1790,SARCASM
1790,twitter_1791,SARCASM
1791,twitter_1792,SARCASM
1792,twitter_1793,NOT_SARCASM
1793,twitter_1794,NOT_SARCASM
1794,twitter_1795,SARCASM
1795,twitter_1796,SARCASM
1796,twitter_1797,SARCASM
1797,twitter_1798,NOT_SARCASM
1798,twitter_1799,NOT_SARCASM
1799,twitter_1800,SARCASM
